morris$input,morris$mu,morris$mustar,morris$output,morris$sigma
taux,8025905.47,8044792.67,impact,3415963.9922174294
scenario,-325470.68000000005,325470.68000000005,impact,1772563.7240503163
pluPriority,-417932.69000000006,449702.61000000004,impact,3205931.2256399468
buildNonRes,0.0,0.0,impact,0.0
densifyGround,-510781.35000000003,510781.35000000003,impact,3805322.407712575
maxBuiltRatio,-18171.680000000008,1297245.12,impact,1843335.1450935767
densifyOld,1306.7100000000005,1883.0100000000004,impact,32133.970689534694
maximumDensity,47454.09000000002,116329.99000000002,impact,713642.2745038203
winSize,76879.19,782026.99,impact,1355718.3096367836
minContig,171934.41,752687.9500000001,impact,1287865.2107708459
maxContig,135416.12,1070261.38,impact,1629863.4732806722
sirene,41947.520000000004,609488.22,impact,1160693.675167849
transport,41029.32,644507.5,impact,1269264.3879740532
routes,286193.5,687181.86,impact,2153500.9861202096
ecologie,-75323.02000000002,767559.32,impact,2070965.72499617
ocsol,-16364.09,540713.49,impact,1124166.0221999937
